actual_accuracy,predicted_accuracy
0.4654563886368075,0.501220703125
0.46591731473929676,0.5130029916763306
0.4687848207413875,0.48345914483070374
0.47173417343457436,0.4967512786388397
0.4721692532135595,0.5030335783958435
0.4748773735540418,0.4815177917480469
0.4854973407004929,0.5026158690452576
0.48581180430312554,0.5019217729568481
0.48751048212008785,0.5029124617576599
0.48896505577062244,0.5024407505989075
0.48909428738814287,0.5031968951225281
0.4896155215788083,0.5006325244903564
0.4900893708430497,0.5004792213439941
0.49264672096309137,0.5026317834854126
0.4935140087073392,0.5015439391136169
0.49421473125567184,0.5015507340431213
0.4955831504945264,0.5008388757705688
0.4956635612787612,0.515347957611084
0.49602110208723416,0.49332794547080994
0.4963542324790644,0.5004045963287354
0.4965437721847611,0.501401424407959
0.49697598015002353,0.5011023879051208
0.4970894167920692,0.5014267563819885
0.49725023836053905,0.5012785792350769
0.4972602897085684,0.5002354383468628
0.49779588296784727,0.5017006993293762
0.49793947365398084,0.503315269947052
0.4980845002469759,0.5035778284072876
0.49840614338391553,0.5016242861747742
0.49843486152114225,0.5005313158035278
0.4988656335795435,0.5007411241531372
0.4991556867655337,0.5010154247283936
0.4992576361526885,0.5007375478744507
0.4993610214467049,0.5045789480209351
0.49944430404466245,0.4985000491142273
0.4996797927699216,0.504084050655365
0.49974297267182066,0.503383457660675
0.49976594718160194,0.5023171305656433
0.4998018448531355,0.5015189051628113
0.49981763982861027,0.5015881657600403
0.49985928112758893,0.5135408043861389
0.4998707683824797,0.5015661716461182
0.4998951787991224,0.4953920245170593
0.4998951787991225,0.5015830397605896
0.49991384558831975,0.5031088590621948
0.49991384558831975,0.502663254737854
0.49991958921576507,0.5002840161323547
0.49994256372554646,0.5017126202583313
0.4999425637255466,0.5019715428352356
0.49995548688729863,0.5012563467025757
0.4999597946078824,0.500655472278595
0.4999798973039411,0.500677227973938
0.49998707683824795,0.5027708411216736
0.49998994865197066,0.50093674659729
0.4999913845588321,0.5005668997764587
0.49999425637255457,0.5002976059913635
0.4999985640931387,0.5011854767799377
0.5,0.5008805394172668
0.5,0.4948174059391022
0.5,0.5009181499481201
0.5,0.5021775960922241
0.5,0.49893149733543396
0.5,0.5009645819664001
0.5,0.5021888613700867
0.5,0.5004804730415344
0.5,0.5000777244567871
0.5,0.501270592212677
0.5,0.4997764825820923
0.5,0.500308632850647
0.5,0.5008587837219238
0.5,0.5031101703643799
0.5,0.500789999961853
0.5,0.5005401968955994
0.5,0.5010650753974915
0.5,0.5007875561714172
0.5,0.5009241104125977
0.5,0.506374716758728
0.5,0.5001351833343506
0.5,0.5003953576087952
0.5,0.5010893940925598
0.5,0.5009061098098755
0.5,0.5017231702804565
0.5,0.5005958080291748
0.5,0.5006464719772339
0.5,0.4997677803039551
0.5,0.5006126761436462
0.5,0.500637948513031
0.5,0.500908374786377
0.5,0.5006014704704285
0.5,0.5039737820625305
0.5,0.5008410811424255
0.5,0.5037601590156555
0.5,0.500234842300415
0.5,0.5030239224433899
0.5,0.5004696846008301
0.5,0.500735342502594
0.5,0.501257061958313
0.5,0.500295877456665
0.5,0.5010692477226257
0.5,0.5005123019218445
0.5,0.5011209845542908
0.5,0.5011650919914246
0.5,0.5027564764022827
0.5,0.5005303621292114
0.5,0.5011694431304932
0.5,0.5009841918945312
0.5,0.5014253258705139
0.5,0.5008415579795837
0.5,0.5115920901298523
0.5,0.5002413392066956
0.5,0.5006231665611267
0.5,0.500818133354187
0.5,0.5007681846618652
0.5,0.5069665908813477
0.5,0.5016970038414001
0.5,0.5008355975151062
0.5,0.5003316402435303
0.5,0.5014477372169495
0.5,0.49986252188682556
0.5,0.500758945941925
0.5,0.5016162991523743
0.5,0.5004158020019531
0.5,0.4990457594394684
0.5,0.5010939240455627
0.5,0.5006494522094727
0.5,0.5015530586242676
0.5000014359068614,0.502984344959259
0.5000014359068614,0.5004247426986694
0.5000028718137225,0.5003626346588135
0.5000071795343066,0.5014687180519104
0.500008615441168,0.5027046203613281
0.5000129231617518,0.5023378133773804
0.5000244104166427,0.5018871426582336
0.5000430772058401,0.5013429522514343
0.5000603080881761,0.5001583695411682
0.5000875903185416,0.5008268356323242
0.500106257107739,0.5028982162475586
0.5001163084557684,0.5009308457374573
0.5001550779410244,0.5012184977531433
0.5002297450978139,0.5012229084968567
0.5002469759801501,0.5064083933830261
0.5002828736516834,0.5007239580154419
0.5003331303918302,0.5023341178894043
0.5003718998770863,0.503262996673584
0.5004379515927079,0.5013660788536072
0.5006016449749003,0.5039403438568115
0.5006160040435137,0.5112455487251282
0.5009118008569493,0.5011917948722839
0.5010510838224989,0.5020095109939575
0.5012880084546196,0.5010406374931335
0.5020073977921495,0.5014653205871582
0.5031374564920221,0.4883247911930084
0.5032437135997611,0.5028131604194641
0.5038166404374347,0.5057321786880493
0.5038769485256108,0.5007035732269287
0.5047341849218292,0.501627504825592
0.5051405465635876,0.5022444128990173
0.5053099835732254,0.5134923458099365
0.5067128645767521,0.5279979109764099
0.5068291730325205,0.5024837255477905
0.5079161545265528,0.5011848211288452
0.5079276417814435,0.49742886424064636
0.5080051807519557,0.5026419162750244
0.5088796480305102,0.5003345608711243
0.5090275464372279,0.49671292304992676
0.5099020137157823,0.5024335384368896
0.5107377115090808,0.5020215511322021
0.5111928939841247,0.502507209777832
0.5115217166553709,0.5050410032272339
0.5159758997392394,0.5028329491615295
0.5160534387097514,0.5040364265441895
0.5163650304986616,0.5049030780792236
0.5165473906700515,0.503123939037323
0.5204501855191664,0.5060360431671143
0.5215328592926148,0.5017914772033691
0.5245554432357299,0.5032948851585388
0.5253265252202679,0.5015614628791809
0.5256036552445064,0.5011119246482849
0.5259712474010085,0.5140130519866943
0.5269749462970834,0.5046433806419373
0.5291000884518627,0.5034114122390747
0.5354410531515283,0.5468079447746277
0.6156723490287527,0.5031822919845581
